{"cameraMode":{"drawMode":0,"name":"Shaded","section":"Shading Mode"},"sceneLighting":true,"audioPlay":false,"sceneViewState":{"showFog":true,"showMaterialUpdate":false,"showSkybox":true,"showFlares":true,"showImageEffects":true,"showParticleSystems":true},"in2DMode":false,"pivot":{"x":7.66107177734375,"y":5.810475826263428,"z":1.1092939376831055},"rotation":{"x":-0.15832224488258363,"y":0.010367266833782196,"z":0.0016624353593215347,"w":0.9873318076133728},"size":6.406860828399658,"orthographic":false}