{"cameraMode":{"drawMode":0,"name":"Shaded","section":"Shading Mode"},"sceneLighting":true,"audioPlay":false,"sceneViewState":{"showFog":true,"showMaterialUpdate":false,"showSkybox":true,"showFlares":true,"showImageEffects":true,"showParticleSystems":true},"in2DMode":false,"pivot":{"x":3.222900390625,"y":6.685546875,"z":-0.427734375},"rotation":{"x":-0.0846557766199112,"y":-0.19304528832435609,"z":-0.016720036044716836,"w":0.9773948788642883},"size":18.154804229736329,"orthographic":true}