{"cameraMode":{"drawMode":0,"name":"Shaded","section":"Shading Mode"},"sceneLighting":true,"audioPlay":false,"sceneViewState":{"showFog":true,"showMaterialUpdate":false,"showSkybox":true,"showFlares":true,"showImageEffects":true,"showParticleSystems":true},"in2DMode":false,"pivot":{"x":-0.04644286632537842,"y":0.6484383940696716,"z":-0.7219295501708984},"rotation":{"x":-0.017515989020466806,"y":0.9763299822807312,"z":-0.08663152903318405,"w":-0.19740377366542817},"size":6.509130954742432,"orthographic":false}