{"cameraMode":{"drawMode":0,"name":"Shaded","section":"Shading Mode"},"sceneLighting":true,"audioPlay":false,"sceneViewState":{"showFog":true,"showMaterialUpdate":false,"showSkybox":true,"showFlares":true,"showImageEffects":true,"showParticleSystems":true},"in2DMode":false,"pivot":{"x":5.350152015686035,"y":4.325458526611328,"z":0.3065662384033203},"rotation":{"x":0.09247756749391556,"y":-0.09097748249769211,"z":0.008485390804708004,"w":0.9915136098861694},"size":11.919014930725098,"orthographic":false}