{"cameraMode":{"drawMode":0,"name":"Shaded","section":"Shading Mode"},"sceneLighting":true,"audioPlay":false,"sceneViewState":{"showFog":true,"showMaterialUpdate":false,"showSkybox":true,"showFlares":true,"showImageEffects":true,"showParticleSystems":true},"in2DMode":false,"pivot":{"x":5.742821216583252,"y":1.9327361583709717,"z":-0.07867145538330078},"rotation":{"x":0.09247756749391556,"y":-0.09097748249769211,"z":0.008485390804708004,"w":0.9915136098861694},"size":12.210406303405762,"orthographic":false}